pair,n,bleu,mean_time_sec
de-en,50,42.98451578799376,0.8563644
